doc_id,text,p_green,u,llm_green_suggested,llm_confidence,llm_rationale,is_green_human,notes
34994,"1. A processor comprising: an input/output (I/O) hub including a first logic to generate a second interrupt signal responsive to detection of a first interrupt signal received from an input/output (I/O) device coupled to the processor, the first interrupt signal to indicate that read data associated with a read request is available; at least one core to:",0.4999401196100621,0.9998802392201241,,,,,
18495,"1. Optical fiber bundles for an optical irradiator, the optical irradiator comprising light emitting devices configured for emission of light, the optical fiber bundles respectively configured with an incidence end, for propagating light incoming from the light emitting devices to the incidence end corresponding thereto, the output optical fiber bundle having and end portion at an exit end providing an output section of the optical irradiator configured to collect light from the light emitting devices as propagated by the fiber bundles externally output said collected light; the optical fiber bundles respectively comprising; a bundle of optical fibers, the optical fibers having distal ends thereof integrated together as an integrated portion, the optical fibers each comprising a core made of glass, and a coating configured to clad the core, the coating is made of resin having a smaller refractive index than the core, the integrated portion formed by a fusion integration of distal ends of terminal-stripped cores exposed by removing the coatings of the optical fibers; and a glass pipe filled up with the terminal-stripped cores of the optical fibers, wherein the terminal-stripped cores of the optical fibers and the glass pipe are completely integrated in the integrated portion, wherein the integrated portion being formed in a partial conical shape having a decreasing outside diameter as the integrated portion extends toward a front end thereof so as to make smaller the angle of incidence than the incidence angle to the front end face of the integrated portion by the internal reflection of a side surface of the integrated portion wherein the optical fiber bundles are respectively configured with an incidence end disposed adjacent to one of the light emitting devices, and wherein all of the optical fibers consisted in optical fiber bundles are bundled at an exit end as one output optical fiber bundle.",0.4997923486924224,0.9995846973848448,,,,,
7267,"1. A portable shelter which is erectable on a support surface for defining an interior for temporarily sheltering a human, the portable shelter comprising: a front wall having when erected an upper end, a lower end, and a height extending between the upper and lower ends of the front wall, and a left end, a right end, and a width extending between the left and right ends of the front wall, the front wall including folds extending along generally parallel fold lines which extend along the height of the front wall and are spaced from each other between the left and right ends of the front wall, the folds including outboard folds and inboard folds, the outboard folds of the front wall being disposed outward of the inboard folds of the front wall in the erected shelter; a rear wall having when erected an upper end, a lower end, and a height extending between the upper and lower ends of the rear wall, and a left end, a right end, and a width extending between the left and right ends of the rear wall, the rear wall including folds extending along generally parallel fold lines which extend along the height of the rear wall and are spaced from each other between the left and right ends of the rear wall, the folds including outboard folds and inboard folds, the outboard folds of the rear wall being disposed outward of the inboard folds of the rear wall in the erected shelter; and a top wall having when erected a front end, a rear end, and a length extending between the front and rear ends of the top wall, and a left end, a right end, and a width extending between the left and right ends of the top wall, the front end of the top wall being connected to the upper end of the front wall and the rear end of the top wall being connected to the upper end of the rear wall so the length of the top wall extends between the front and rear walls, the top wall including folds extending along generally parallel fold lines which extend along the length of the top wall and are spaced from each other between the left and right ends of the top wall, the folds including outboard folds and inboard folds, the outboard folds of the top wall being disposed outward of the inboard folds of the top wall in the erected shelter; wherein the front wall includes a generally planar portion having an opening sized for a person to enter the interior of the shelter through the opening and at least one of each of the inboard and outboard folds of the front wall is positioned to the left of the opening and at least one of each of the inboard and outboard folds of the front wall is positioned to the right of the opening when the portable shelter is erected; and wherein the generally planar portion is oriented in a front plane in the erected shelter and fold panels extend between consecutive ones of said at least one of each of the inboard and outboard folds of the front wall, said fold panels being oriented in respective planes disposed at angles to the front plane.",0.5002385689727944,0.9995228620544112,,,,,
48496,"1. A radio communications system comprising: a first radio base station to convert multimedia broadcast multicast service (MBMS) data to unicast data and transmit the unicast data to an intermediate station; the intermediate station to receive the unicast data from the first radio base station and convert the unicast data to the MBMS data and broadcast the converted MBMS data to a mobile station; a second radio base station; and the mobile station to receive the same MBMS data from the first radio base station via the intermediate station and the second radio base station in the same period; wherein the second radio base station comprises a transmitter to broadcast the MBMS data that is the same as the MBMS data converted in advance by the intermediate station, at the same time when the intermediate station broadcasting the converted MBMS data to the mobile station by using same radio resource that the intermediate station uses in the broadcasting of the converted MBMS data.",0.5003000834720146,0.9993998330559708,,,,,
40418,"1. A method for monitoring User Equipment (UE) reachability in a wireless communication system, comprising: receiving, by a Mobility Management Entity (MME), a monitoring request message for UE reachability including a maximum response time from a Home Subscriber Server (HSS); detecting, by the MME, the UE reachability when the UE will become reachable for paging in case that extended Discontinuous Reception (DRX) is applied to the UE; and sending, by the MME, a UE reachability notification to a Service Capability Exposure Function (SCEF) before a next paging occasion of the UE, wherein the maximum response time indicates a time during which the UE maintains a reachable state so that downlink data is reliably delivered to the UE, and wherein an occasion when the UE reachability notification is transmitted is determined by taking into consideration the maximum response time.",0.4996376743111705,0.999275348622341,,,,,
15994,"1. A method of making a ligand functionalized substrate, the method comprises the steps of: 1) providing a base substrate; 2) coating the substrate with a solution comprising (a) at least one grafting monomer having an acryloyl group and a photoinitiator group; (b) one or more ligand monomers of the formula: wherein R 1 is H or C 1 -C 4 alkyl, R 2 is a divalent alkylene optionally containing an ester, amide, urethane or urea linking group; each R 3 is independently H or C 1 -C 4 alkyl, R 4 is H, C 1 -C 4 alkyl or —N(R 3 ) 2 ; and X 1 is —O— or —NR 3 —, (c) optionally one or more monomers having at least one acryloyl group and at least one additional ethylenically unsaturated, free-radically polymerizable group; and (d) optionally one or more hydrophilic monomers; 3) exposing the coated base substrate to ionizing radiation to form a first functionalized substrate comprising grafted photoinitiator groups attached to the surface of the base substrate and unreacted (b), (c) and (d) monomers having ethylenically unsaturated, free-radically polymerizable groups, and 4) exposing the base substrate comprising grafted photoinitiator groups to UV radiation to polymerize the remaining ethylenically unsaturated, free-radically polymerizable groups of the (b), (c) and (d) monomers.",0.5004632485203252,0.9990735029593496,,,,,
18646,"1. A method for recovery of a server, the method comprising: sending transaction requests from clients to the server through a network; receiving the transaction requests at the server; logging a start transaction in an intention log at the start of each transaction request; logging a complete transaction in the intention log at completion of each transaction request; taking a checkpoint at predetermined times, the checkpoint defining a recovery state for the server; asynchronously mirroring the checkpoint to a recovery server; logging a checkpoint taken in the intention log at the start of each taking a checkpoint; logging a checkpoint mirroring complete at completion of the mirroring to the recovery server; and maintaining the intention log at the recovery server by asynchronously mirroring start transactions from the server to the recovery server and synchronously mirroring complete transactions from the server to the recovery server.",0.5005077629939074,0.9989844740121852,,,,,
5937,"1. A method for controlling and monitoring an electromagnet ( 8 ) that incorporates a solenoid through which a current can be passed in a first direction and in an opposite second direction such that the electromagnet selectively positions an element between two predetermined positions, the method comprising: providing an H bridge that controls the solenoid, said H bridge having a first transistor connecting a first terminal of the solenoid to a voltage source ( at the microcontroller ( verifying whether the element controlled by the electromagnet (",0.4994166730564934,0.9988333461129868,,,,,
43184,"1. A system comprising: a plurality of sensors; a first logic unit coupled to an output of at least one sensor of the plurality of sensors, the first logic unit estimating user dynamics in response to an output signal from the at least one sensor; second logic unit coupled to the first logic unit, the second logic unit generating a sampling rate value of a first MEMS sensor in response to an output signal from the first logic unit, and wherein the first MEMS sensor comprises a selectable sampling rate and wherein the selectable sampling rate is selected in response to the generated sampling rate value.",0.5006844193954463,0.9986311612091074,,,,,
42162,"1. A method comprising: operating an aerial vehicle in a hover-flight orientation, wherein the aerial vehicle is connected to a tether that defines a tether sphere having a radius based on a length of the tether, wherein the tether is connected to a ground station; while the aerial vehicle is in the hover-flight orientation, positioning the aerial vehicle at a first location that is substantially on the tether sphere, wherein the first location is substantially downwind of the ground station; transitioning the aerial vehicle from the hover-flight orientation to a forward-flight orientation, such that the aerial vehicle moves from the tether sphere, wherein the aerial vehicle has attached flow, and wherein a tension of the tether is reduced; and operating the aerial vehicle in the forward-flight orientation to ascend at an angle of ascent to a second location that is substantially on the tether sphere, wherein the second location is substantially downwind of the ground station.",0.5008431517929316,0.9983136964141368,,,,,
12838,"1. A method for authenticating a computing device to access functionalities, comprising: receiving, in the computing device, a first signal from a proximity beacon device; obtaining, from the received first signal, information that indicates whether the proximity beacon device has detected movement; determining whether the obtained information from the received first signal matches stored data corresponding to the validity of a known location of the proximity beacon device; performing an abbreviated authentication operation for the computing device to access the functionalities in response to determining that the obtained information from the received first signal matches the stored data; and performing a normal authentication operation for the computing device to access the functionalities in response to determining that the obtained information from the received first signal does not match the stored data.",0.4990898929090515,0.998179785818103,,,,,
47336,"1. A lid for a container, comprising: a lid cover adapted for covering at a top opening of said container, wherein said lid cover has a drinking hole and an air vent spacedly formed at a peripheral portion of said lid cover to maximize a distance between said drinking hole and said air vent; and an enclosure arrangement which comprises a drinking hole plug movably extended from said lid cover detachably engaged with and sealed at said drinking hole, and a vent plug movably extended from said lid cover detachably engaged with and sealed at said air vent, wherein said drinking hole plug and said vent plug are two individual plugs that said drinking hole plug and said vent plug selectively and individually cover at said drinking hole and said air vent respectively, wherein said enclosure arrangement further comprises a vent plug pit indently provided on said lid cover at a position adjacent to said air vent, wherein said vent plug is selectively engaged with one of said air vent and said vent plug pit.",0.501101326435345,0.99779734712931,,,,,
19666,"1. A method of detecting soil macronutrient, plant nutrient uptake, phosphate contaminant in ground water, phosphate contaminant in rivers and phosphate poison in agriculture products, comprising: introducing a monobasic phosphate (H",0.4988211843105177,0.9976423686210354,,,,,
36345,"1. A polymer comprising a repeating unit of the formula wherein a is 0, 1, 2, or 3, a′ is 0, 1, 2, or 3; b is 0, 1, 2, or 3; b′ is 0, 1, 2, or 3; c is 0, 1, 2, or 3; c′ is 0, 1, 2, or 3; R a C a C a C a C a C —CO—C E D R R R R d is an integer from 1 to 50; R Ar wherein X is —O—, —S—, —NR R R R R R R Ar wherein X R R R R R R R R D is —CO—, —COO—, —S—, —O—, or —NR E is C G is E, or C R R R R R R with the proviso that at least one of the groups R and wherein the polymer comprises at least one unit of the formula Ia to Ie, wherein R E R R R d is an integer from 1 to 10; R R",0.5012657414749047,0.9974685170501907,,,,,
17866,"1. A method for detecting a target nucleic acid of two or more different pathogens in a biological sample from a patient, said method comprising: amplifying the target nucleic acids in the sample utilizing at least first and second primer pairs that bind conserved regions in two or more different pathogens, wherein the first and second primer pairs are SEQ ID NOS: 1-2, corresponding to gram-positive and gram-negative bacteria, respectively, and SEQ ID NOS: 7-8, corresponding to enteroviruses; contacting the amplified target nucleic acids with an oligonucleotide microarray, said microarray including two or more probes or sets of probes comprising polynucleotide sequences complementary to two or more different pathogens, wherein the probes comprise polynucleotide sequences selected from the group consisting of SEQ ID NOS: 13-21, corresponding to detecting binding of amplified target nucleic acids to the probes, wherein binding to a probe indicates the presence of the polynucleotide sequence to which the probe is complementary in the sample.",0.5013194251471661,0.9973611497056678,,,,,
18779,1. A compound of the general formula: wherein X and X′ are independently O or S; A is unsubstituted or substituted phenyl wherein the substituents are independently 1 to 5H; halo; nitro; cyano; hydroxy; amino (—NR B is E is unsubstituted or substituted (C wherein R G is H or CN; provided that: 1) when E is unsubstituted or substituted (C 2) when E is a substituted (C wherein R,0.5014222468353161,0.9971555063293678,,,,,
43599,"1. A communications apparatus, comprising: a first wireless communications module providing a first wireless communications service and communicating with a first communications device in compliance with a first protocol; a second wireless communications module providing a second wireless communications service and communicating with a second communications device in compliance with a second protocol; and a clock source shared by the first and the second communications modules and providing a reference clock to the first and the second communications modules, wherein the first wireless communications module detects a request from the second wireless communications module for activating the clock source, determines whether the reference clock has been stably generated by the clock source, and adjusts an electrical characteristic of the clock source to facilitate the reference clock output from the clock source to achieve a target frequency when the reference clock has not been stably generated.",0.4985493513115606,0.9970987026231212,,,,,
4707,"1. A method for sequestering carbon dioxide in an aquifer comprising: providing a carbon dioxide stream in which at least 50 weight % of the stream is carbon dioxide; providing an aquifer that includes water and porous rock, the porous rock having interstitial pores; injecting the carbon dioxide stream into the aquifer under conditions suitable for laterally dispersing the carbon dioxide so as to trap at least about 20 vol % of the injected carbon dioxide into the interstitial pores of the porous rock of the aquifer, wherein the lateral dispersion is created by injecting the carbon dioxide into a well and selecting a density and a point of injection wherein the ratio of densities of aquifer fluids/carbon dioxide stream is less than about 2, the overpressure of the carbon dioxide stream at the point of injection is from about 150-500 atmospheres, and wherein the lateral dispersion causes at least 20 vol % of the injected carbon dioxide to be trapped in the interstitial pores.",0.49853563514151367,0.9970712702830273,,,,,
40796,"1. A system, comprising: a memory that stores instructions associated with components; and a processor that executes the instructions stored in the memory to facilitate performance of operations by the components, the components comprising:",0.498441632242524,0.996883264485048,,,,,
19198,"1. A substrate processing method comprising: a coating step that applies a coating liquid to a substrate having a front surface on which a pattern is formed, thereby forming a coating film on the substrate; a film removing step that heats the substrate to gasify components of the coating film thereby to reduce a thickness of the film; and a film curing step that is performed after or simultaneously with the film removing step and that heats the substrate to cure the coating film through crosslinking reaction, wherein the film removing step is performed under conditions ensuring that an average thickness of the cured coating film is not greater than 80% of an average thickness of the coating film before being subjected to the film removing step.",0.501589916890556,0.996820166218888,,,,,
13261,"1. A switch, comprising: a plurality of ingress ports in an input/output section of the switch, said plurality of ingress ports receiving traffic from a corresponding plurality of network devices that are coupled to said plurality of ingress ports via a respective plurality of network communication cables; and a packet rate control module in a processing core section of the switch, said packet rate control module determining whether a combined arrival rate of traffic received on said plurality of ingress ports in said input/output section of the switch exceeds a packet processing rate of said processing core section of the switch in routing said traffic received on said plurality of ingress ports to a plurality of egress ports in said input/output section of the switch, said packet rate control module initiating a delivery of packet rate control messages to said plurality of network devices via said network communication cables upon a determination that said combined arrival rate of traffic received on said plurality of ingress ports in said input/output section of the switch exceeds said packet processing rate of said processing core section of the switch, said packet rate control messages instructing said plurality of network devices to reduce a delivery rate of traffic to said plurality of ingress ports.",0.4983841904078024,0.9967683808156048,,,,,
34340,"1. An integrated circuit system comprising: an active layer of a semiconductor die, the active layer comprising an active circuit; a measuring layer vertically integrated with the semiconductor die, the measuring layer comprising a sensor configured to generate an indication of a pH of a fluid, and the measuring layer configured to provide the indication of the pH of the fluid to the active circuit; a fluid path configured to provide the fluid from external to the integrated circuit system to the sensor; and a signal transmission layer comprising a coil configured to transmit a signal indicative of the pH of the fluid from the integrated circuit system.",0.5017420912386349,0.9965158175227302,,,,,
12569,"1. A method of removing surfactants or capping agents, comprising: providing a noble-metal or non-noble transition metal structure having a plurality of surfactants and/or capping agents on a surface of the metal structure; inducing the desorption of the plurality of surfactants and/or capping agents by CO adsorption on the surface of the metal structure by immersing the metal structure into a first solution, wherein the first solution comprises CO; and stripping a CO monolayer formed on the surface of the metal structure by electrochemical oxidation in a second solution comprising an electrolyte.",0.49810895579251296,0.9962179115850259,,,,,
20121,"1. A generator comprising: a rotor ring having a peripheral channel with respective left and right sidewall portions and a central web portion arranged between the left and right sidewall portions, opposite faces of the central web portion carrying respective first and second sets of magnetic elements; a stator ring with a peripheral portion that is sized and adapted to be at least partially received in the peripheral channel of the rotor ring between the left and right sidewalls, the peripheral portion having left and right inner faces carrying respective first and second sets of stator teeth, respectively, each of the stator teeth having windings or coils, the rotor ring being constructed and arranged to rotate relative to the stator ring, the positioning of the stator ring relative to the rotor ring establishing first and second axial air gaps between the first and second sets of magnetic elements and the first and second sets of stator teeth; and one or more sets of rolling gap supports bearing between the stator ring and the rotor ring so as to maintain first and second axial air gaps.",0.5019012678789944,0.9961974642420113,,,,,
21101,1. A light fixture comprising: a non-isolated DC-DC power converter having an input connected to circuit ground of a DC power source and further configured to provide an output to drive a light source; a chassis configured to house the light source and to be coupled to earth ground; and a surge protection circuit comprising,0.502013650657198,0.9959726986856039,,,,,
22524,"1. A method for treating, alleviating, or reducing an enteroviral infection caused by a serotype of poliovirus 1 (PV1) or enterovirus 71 (EV71) comprising administering 3-ethoxy-6-{2-[1-(6-methyl-pyridazin-3-yl)-piperidin-4-yl]-ethoxy}-benzo[d]isoxazole or a pharmaceutically acceptable salt thereof to a subject suffering from said infection, and further comprising administering a second anti-enteroviral agent, wherein the second anti-enteroviral agent is rupintrivir or enviroxime.",0.5020334635770402,0.9959330728459197,,,,,
34597,"1. A method for the purification of a prostaglandin by supercritical fluid chromatography, said method comprising using a stationary phase and a mobile phase comprising carbon dioxide, wherein the stationary phase is a non-chiral stationary phase selected from the group consisting of 4 ethyl pyridine, 2-ethyl pyridine and pyridine urea or a chiral stationary phase and the prostaglandin is a compound of formula (I), a compound of formula (II), or a compound of formula (IV): wherein, V is C; W is X is CONR Y is Z is C R R R R Halo is fluorine, chlorine, bromine or iodine.",0.4979104784647526,0.9958209569295052,,,,,
8476,"1. A portable electronic device having a housing, comprising: a global navigation satellite system receiver that produces satellite location data from received satellite signals; an accelerometer in the housing that detects movement of the portable electronic device and that produces corresponding accelerometer signals; wherein the accelerometer comprises at least one vibrating element; a sensor with a magnetic element that measures how the portable electronic device is oriented with respect to the Earth's magnetic field and that produces corresponding compass signals; and processing circuitry in the housing that computes where the portable electronic device is geographically located based on the satellite location data, the accelerometer signals, and the compass signals, wherein the processing circuitry in the portable electronic device uses at least the compass signals to compute a geographic location of the portable electronic device and wherein the processing circuitry in the portable electronic device uses the compass signals at least to compute a heading change of the portable electronic device.",0.49789771717916964,0.9957954343583393,,,,,
29211,"1. A method, comprising: providing a container structure that at least partially defines at least one storage chamber, the at least one storage chamber including at least one first device positioned therein that is configured to transmit one or more radio-frequency signals, the container structure including, one or more accesses to the at least one storage chamber; and a multi-layer insulation composite material having a bandgap material that is transmissive to the one or more radio-frequency signals, the multi-layer insulation composite material including, a first thermally-reflective layer; a second thermally-reflective layer spaced from the first thermally-reflective layer; and a region between the first and second thermally-reflective layers that limits heat conduction therebetween; and transmitting the one or more radio-frequency signals from the at least one first device positioned in the at least one storage chamber and through the container structure; wherein transmitting the one or more radio-frequency signals from the at least one first device positioned in the at least one storage chamber and through the container structure includes transmitting the one or more radio-frequency signals from the at least one first device to at least one second device positioned external to the container structure.",0.4978606494907365,0.995721298981473,,,,,
40926,"1. A method for separating electronic components, comprising the processing steps of: A) placing an assembly of electronic components on a manipulator, the assembly comprising a first substrate layer, a second component layer on the first substrate layer, and an outer conductive layer on the second component layer, B) transporting the electronic components with the manipulator relative to a first cutting tool and cutting to a first cutting depth of at least 10% or more of a thickness of the first and second layers of the assembly with the first cutting tool along first cutting lines such that the assembly is only partially cut through the thickness thereof to obtain a partially severed assembly of electronic components, C) transporting the partially severed assembly of electronic components with the manipulator relative to a second cutting tool and further cutting through the thickness of first and second layers of the partially severed assembly of electronic components to a second cutting depth along second cutting lines which overlap the first cutting lines so that the electronic components are at least substantially severed almost completely one from another, and D) separating the substantially severed electronic components along the cutting lines.",0.5021429300741856,0.9957141398516287,,,,,
11493,"1. A method of fabricating a three-dimensional object from digital data representing the object, the method comprising: providing a first layer of particulate material; consolidating at least a first portion of the first layer of particulate material to form a consolidated first cross-section of the object; applying a first portion of conductive material to the consolidated first cross-section; applying a second layer of particulate material to the consolidated first cross-section of the first layer; and consolidating at least a second portion of the second layer of particulate material to form a consolidated second cross-section of the object.",0.5021790145497477,0.9956419709005047,,,,,
35130,"1. An interface arrangement for coupling between an AC system and a DC system and comprising a converter for conversion between AC and DC, said converter having a DC side with a first and a second terminal for connection to said DC system and an AC side with a group of terminals for being coupled to said AC system, a transformer having a primary side with a first set of primary windings for being coupled to said AC system and a secondary side with a second set of secondary windings coupled to said converter, said transformer being equipped with a third set of auxiliary windings, a short-circuiting device connected between said third set of auxiliary windings and ground, wherein the short-circuiting device comprises a short-circuiting switch, and a fault detecting unit configured to detect a fault on one of the converter terminals and activate the short-circuiting device for short-circuiting the third set of auxiliary windings.",0.5021906638937969,0.9956186722124063,,,,,
2940,"1. A multi-carrier modem, the modem comprising: a receiver configured to receive a waveform comprising a plurality of spectrally overlapping carrier signals from at least two of a plurality of remote units, wherein the plurality of spectrally overlapping carrier signals are modulated using an inverse Fourier transform algorithm; a transmitter; a processor coupled to the transmitter, wherein the processor outputs data for transmission to the transmitter, wherein the processor applies an inverse Fourier transform algorithm to the data provided to the transmitter; a controller programmed to instruct the transmitter to transmit a predetermined identifier on at least one of the spectrally overlapping carrier signals, the predetermined identifier identifying to a first remote unit a range of the plurality of spectrally overlapping carrier signals for the first remote unit to receive control information.",0.4977464847934871,0.9954929695869742,,,,,
24208,"1. A reusable, multi-purpose bag, comprising: a flexible, resiliently deformable body comprising: wherein at least a portion of the anterior panel is bonded to at least a portion of the posterior panel by the second material, and wherein the second material comprises a melting point for melting onto the first material at or above the second degradation temperature and a hardening point below the second degradation temperature to bond the at least portion of the anterior panel and the at least portion of the posterior panel.",0.49769195124077675,0.9953839024815535,,,,,
36711,"1. A module comprising: a radio transceiver device; an actuator; and an activation device,",0.5023923925366801,0.9952152149266398,,,,,
7316,"1. A method for implementing Link Aggregation Control Protocol (LACP) standard state machines in a distributed system which is divided as a Management Processor (MP), a Routing Processor (RP) and a Network Processor (NP) according to functions, comprising: after receiving a message at a physical port on a NP of a plurality of NPs, directly transmitting the message to a receive state machine without delivering to an RP - active on which a selection state machine operates; triggering the receive state machine, a periodic state machine, a multiplexer (MUX) state machine, and a sending state machine to operate in turn, wherein all of the receive state machine, the periodic state machine, the MUX state machine, and the sending state machine operate on the NP, these four state machines operate taking each physical link as a unit and they only need to operate on the NP at which the physical link is located; if there is a change in state machine data of at least one of the four state machines on the NP before and after the state machine operates, then synchronizing the changed state machine data of the state machine to the RP—active on which the selection state machine operates, and then triggering the selection state machine on the RP—active to operate and completing processing of the message according to a physical link selection state of the selection state machine on the RP—active; so as to reduce the number of the message deliveries between the NP and the RP—active since the five state machines are distributed in a way that the receive state machine, the periodic state machine, the MUX state machine and the sending state machine operate on the NP and the selection state machine operates on the RP—active.",0.502433430177166,0.995133139645668,,,,,
2377,"1. A diaphragm pressure expansion vessel ( 1 ) for connection to a piping network, comprising two vessel parts ( 2 , 3 ) which are connected to each other in a circumferential connecting region ( 4 ) in a pressure-tight and fluid-tight manner, wherein the closed vessel interior ( 10 ) which is formed by the two vessel parts ( 2 , 3 ) is separated by a diaphragm ( 5 ) into a water chamber ( 6 ) and a gas chamber, wherein the water chamber ( 6 ) is connectable via a connecting pipe ( 7 ) to the piping network, wherein the diaphragm ( 5 ) is formed from an at least single-layered plastic and is of bubble-shaped design, wherein the gas chamber is formed by the diaphragm interior ( 9 ) and by the vessel interior ( 10 ) between that side of the diaphragm ( 5 ) which faces away from the water chamber ( 6 ) and the adjacent vessel part ( 2 ), wherein that side of the diaphragm ( 5 ) which faces away from the water chamber ( 6 ) is provided with perforations ( 8 ).",0.5025961374336273,0.9948077251327454,,,,,
46928,"1. Apparatus comprising: an automated transaction machine including: at least one power supply, a power controller, at least one processor,",0.5026035552725902,0.9947928894548197,,,,,
13287,"1. A solid-state imaging device, comprising: a substrate having a charge accumulation region, wherein the charge accumulation region is formed within the substrate; a transparent electrode; and a photoelectric conversion region configured to generate signal charges to be accumulated in the charge accumulation region, wherein the photoelectric conversion region is provided on and is in contact with the charge accumulation region and with the substrate, wherein the photoelectric conversion region comprises a material that is not transparent and that blocks light from entering the charge accumulation region, wherein about 1.8×10",0.49735651893399174,0.9947130378679835,,,,,
7571,"1. A device for colonizing and harvesting marine hardground animals in an underwater region of a ground-based offshore edifice, the device comprising: at least one rail device configured to extend vertically on the offshore edifice along a height of the underwater region to above a waterline; a netting array including a habitat carriage having a habitat and trapping basket adapted to contain the hardground animals; a lifting device configured to move the netting array along the at least one rail device; and a scavenging carriage including a basic unit and a running unit configured to detachably couple the scavenging carriage with the at least one rail device so as to be movable thereon, the scavenging carriage being movable along the at least one rail device separately from the habitat carriage and being configured to detachably couple with the habitat carriage and the lifting device such that the habitat carriage is retrievable from the underwater region by the scavenging carriage using the lifting device.",0.4972978516038473,0.9945957032076946,,,,,
30569,"1. A semiconductor light emitting device comprising: an n-type semiconductor layer including a nitride semiconductor; a p-type semiconductor layer provided on a side of [0001] direction of the n-type semiconductor layer and including a nitride semiconductor; a first well layer provided between the n-type semiconductor layer and the p-type semiconductor layer, the first well layer having a band gap energy smaller than a band gap energy of the n-type semiconductor layer and smaller than a band gap energy of the p-type semiconductor layer, and including a nitride semiconductor; a first barrier layer provided between the first well layer and the n-type semiconductor layer, in contact with the first well layer, the first barrier layer having a band gap energy larger than the band gap energy of the first well layer, and including a nitride semiconductor; an Al-containing layer provided between the first well layer and the p-type semiconductor layer, in contact with the first well layer, the Al-containing layer having a band gap energy larger than the band gap energy of the first barrier layer, having a lattice constant smaller than a lattice constant of the n-type semiconductor layer, and having a composition of Al an intermediate layer provided between the Al-containing layer and the p-type semiconductor layer, in contact with the Al-containing layer, having a band gap energy larger than the band gap energy of the first well layer, and including a nitride semiconductor, the intermediate layer having a first portion and a second portion provided between the first portion and the p-type semiconductor layer, a band gap energy of the first portion being smaller than a band gap energy of the second portion.",0.5027130296552146,0.9945739406895708,,,,,
5800,"1. User Equipment (UE) arranged for packet-based device-to-device (D2D) discovery operations, the UE being enabled for proximity services, the UE configured to: receive signaling from an enhanced node B (eNB) indicating resources allocated for D2D discovery; configure a discovery packet in accordance with a predetermined configuration to have at least a discovery payload and a cyclic-redundancy check (CRC), the discovery payload to include discovery-related content; and transmit the discovery packet on at least some of the indicated resources for receipt by a receiving UE.",0.5027205227428366,0.9945589545143267,,,,,
35381,"1. A device for reducing aerodynamic drag of a ground vehicle, the device comprising: a tubing having an intake port, an exit port, and a plurality of venturis; and, a compressed air source being fluidly connected to the intake port; wherein the plurality of venturis is disposed between the intake port and the exit port; and, wherein each venturi from among the plurality of venturis has a throat and a venturi opening on an outer periphery of the venturi throat to remove a portion of a fluid from a boundary layer of the ground vehicle.",0.4972037214520383,0.9944074429040766,,,,,
2402,"1. A compound having a sulfur-containing ring, or prodrugs or pharmaceutically acceptable salts thereof, of one of Formulas I: in which E is —CH R additionally, R additionally, R R R and R",0.502928810912073,0.994142378175854,,,,,
4901,"1. An integrated circuit (IC), comprising: an input interface configured to receive an input signal providing information for controlling a supply voltage based on a performance characteristic of another IC; and a controller configured to generate an output signal for controlling the supply voltage based on a combination of the input signal and a performance characteristic of the IC, the controller including a feedback voltage generator configured to generate a feedback voltage signal by combining an offset voltage with the supply voltage to control a voltage regulator to regulate the supply voltage to the IC and to the other IC.",0.4970698531343467,0.9941397062686934,,,,,
43275,"1. A thermally insulated door assembly comprising: an outer first pane of light transmissive material having an outwardly facing surface and an opposite inwardly facing surface; a second pane of light transmissive material having an outwardly facing surface and an opposite inwardly facing surface, the outwardly facing surface of the second pane facing the inwardly facing surface of the first pane, the first pane and the second pane spaced apart from each other by a separation gap to define an interior chamber; a third pane of light transmissive material having an inwardly surface and an opposite outwardly facing surface, the outwardly facing surface of the third pane facing and spaced apart from the inwardly facing surface of the second pane such that another interior chamber is defined between the second pane and the third pane; a light assembly disposed within the interior chamber between the first pane and the second pane, the light assembly configured to generate light within the interior chamber; and a heat sink disposed within the interior chamber and coupled with the light assembly and the inwardly facing surface of the first pane, wherein the heat sink is configured to conduct thermal energy generated by the light assembly onto the inwardly facing surface of the first pane and into the interior chamber such that the inwardly facing surface of the first pane and the interior chamber are heated by the light assembly.",0.4969978476120818,0.9939956952241636,,,,,
7213,"1. A MEMS sensor comprising: a substrate; a MEMS structure coupled to the substrate and having a mass movable with respect to the substrate; and a reference structure electrically coupled to the movable mass of the MEMS structure, wherein the MEMS structure is radially outward from the reference structure.",0.5030769760090394,0.9938460479819211,,,,,
37503,"1. A method for inhibiting gas hydrate formation in downhole fluids comprising: using a downhole fluid including: an inhibiting amount of a corrosion system including: where the downhole fluid is selected from the group consisting of a drilling fluid, a completion fluid, and a production fluid, where the base fluid reduces or inhibits hydrocarbon gas hydrate formation under conditions conducive to hydrocarbon gas hydrate formation in the downhole fluid, and where the additives reduce or prevent corrosion by the base fluid.",0.5031180583439984,0.9937638833120033,,,,,
41958,"1. A method comprising: determining a duration of a discontinuous reception cycle for a user terminal, wherein the beginning of the cycle triggers a first active period during which the user terminal is in an active mode; determining an interval between periodic channel quality indicator reports for the user terminal; aligning the discontinuous reception cycle with the interval between the periodic channel quality indicator reports such that the periodic channel quality indicator is transmitted within the first active period of the discontinuous reception cycle; receiving the periodic channel quality indicator during the first active period of the discontinuous reception cycle, obtaining an up-to-date channel quality indicator for the discontinuous reception cycle; and scheduling the user terminals for downlink transmission by taking the received periodic channel quality indicator into account.",0.4968124748070545,0.993624949614109,,,,,
35401,"1. A method for the treatment and/or prophylaxis of physiological and/or pathophysiological conditions, selected from the group consisting of arthrosis, traumatic cartilage injuries, arthritis, pain, allodynia and hyperalgesia, comprising intraarticular administration to a patient in need of said treatment of a pharmaceutical preparation comprising pepstatin and/or one of its physiologically acceptable salts, solvates, prodrugs and stereoisomers, including mixtures thereof in all ratios, and one or more excipients and/or adjuvants, said preparation formulated for intraarticular administration for the treatment and/or prophylaxis of said physiological and/or pathophysiological conditions, wherein the pharmaceutical preparation is formulated for administration weekly to yearly, and wherein the pharmaceutical preparation is administered weekly to yearly.",0.5031975182768889,0.9936049634462223,,,,,
33618,"1. A non-transitory computer readable medium storing instructions for managing execution of a security patch on a managed node communicatively coupled over a network to a management controller, the instructions, when executed by the management controller configured to: determine an estimated time needed to execute the security patch on the managed node; determine an execution policy for the security patch to be executed on the managed node based on the estimated time, the execution policy comprising: receive system information data from the managed node, wherein the system information data comprises network connectivity information and estimated availability time of the managed node, wherein the network connectivity information indicates time or duration of network connectivity of the managed node to the network, and wherein the estimated availability time of the managed node is determined based on a remaining battery life of the managed node; based on the received system information data, determine if the received system information complies with the execution policy by: based on the estimated availability time and network connectivity information of the managed node allowing execution of the security patch based on the execution policy, schedule the security patch on the managed node for execution.",0.49667476171948105,0.9933495234389621,,,,,
23062,1. A compound of the formula: wherein X each of Z X each of R each R R each R R,0.49667052102184,0.99334104204368,,,,,
7400,"1. A method for data exchange among computing systems, wherein at least first and second computing systems operate management systems that normally communicate given data to a target computing system in first and second disparate formats, comprising: instrumenting each of the first and second computing systems to respond to a trigger event from an ODBC-compliant data source to generate a WSDL object that encapsulates the given data; receiving WSDL objects at the target computing system that are generated as a result of the trigger events; and processing information in the WSDL objects at the target computing system.",0.4965833726170076,0.9931667452340152,,,,,
25230,"1. A method of writing data to a memory device, the method comprising: receiving and buffering data in a first volatile memory space; modifying the buffered data responsive to receiving a command including a flush portion issued with a last write command; based on a determination that the flush portion of the command is active, storing the modified buffered data in a second volatile memory space; and writing at least portions of the modified buffered data from the second volatile memory space to a first non-volatile memory device.",0.5034417282688496,0.9931165434623008,,,,,
46729,"1. A glass-ceramic of the lithium aluminosilicate type, containing a β-quartz solid solution as the predominant crystalline phase and having for a thickness of 4 mm: an integrated optical transmission, T an optical transmission at 625 nm of more than 3.5%, an optical transmission at 950 nm between 40 and 70%, and an optical transmission at 1,600 nm between 50 and 75%, wherein its composition, expressed as percentages by weight of oxides, comprises:",0.496514304344452,0.993028608688904,,,,,
5368,"1. A computer implemented method of generating and using an electronic horizon for use with an advanced driver assistance system (ADAS) of a vehicle, comprising: accessing, by a processor, a probability matrix stored in a memory having, in respect of each of one or more decision points of a road network, data indicative of a historic relative probability that each of a plurality of possible outgoing paths at the decision point will be taken by a vehicle for each of one or more possible incoming paths, wherein the data indicative of the historic relative probability that a given possible outgoing path will be taken is based upon positional data relating to the movements of a plurality of devices associated with vehicles with respect to time on the road network; using, by the processor, the probability matrix to determine data indicative of a relative probability that each of a plurality of possible outgoing paths associated with a decision point will be taken by the vehicle when confronted with the decision point; generating, by the processor, the electronic horizon from the determined data, wherein the electronic horizon defines at least a most probable outgoing path to be taken by the vehicle from the decision point; and providing, by the processor, data to the ADAS of the vehicle determined using the electronic horizon to provide assistance to a driver of the vehicle.",0.5035558929492314,0.9928882141015372,,,,,
19124,"1. A system, comprising: a first chamber configured to contain a first hydride generation reagent; a second chamber configured to contain a second hydride generation reagent; a first plunger configured to translate within the first chamber and cause a displacement of the first hydride generation reagent; a second plunger configured to translate within the second chamber and cause a displacement of the second hydride generation reagent; and a base coupling the first plunger and the second plunger together, the base vertically movable relative to the first chamber and the second chamber.",0.4964438530040023,0.9928877060080046,,,,,
15189,"1. A method for changing solubility of an organic layer (I), formed by applying a composition comprising a polymer or oligomer (A) having a repeating unit with hole transport properties and also having a thienyl group which may have a substituent, and an initiator (B), wherein solubility of the composition is capable of being changed by applying heat, light, or both heat and light, the method comprising a step of applying heat, light, or both heat and light to the organic layer (I), wherein the polymer or oligomer (A) has at least one type of structure selected from the group consisting of a structure represented by formula (Ia) shown below, and a structure represented by formula (Ib) shown below: wherein, in formulas (Ia) and (Ib), each of R wherein the polymer or oligomer (A) does not include an oxetane group.",0.49639190037297254,0.9927838007459451,,,,,
47385,"1. A dust extraction device for a rotary power tool having an elongate rotating drill bit for operating on a work surface, said device comprising: a casing having an inlet and an outlet and defining an interior cavity, said inlet and outlet communicating with the interior cavity for permitting air flow into the interior space from the inlet to the outlet; and a fan element having a plurality of impellers and a central hub adapted for rotation within and independent of the casing for inducing air flow within the casing from the inlet to the outlet when the fan element rotates; whereby rotation of the drill bit results in air flow to remove debris from the work surface to the outlet without rotating the casing; wherein: the hub is adapted for engaging the drill bit in a manner that permits rotation of the hub as well as axial movement of the drill bit relative to the hub during rotation of the drill bit; rotation of the drill bit is transferred to the fan element via two opposing aligned pins that extend radially into a spiral flute of the drill bit; the fan element is articulated to the drill bit by means of an adapter comprising a generally cylindrical body having an axial bore dimensioned to accommodate a drill bit so as to allow unimpeded rotation of the drill bit within the adapter without undue slack; and said pins projected radially through a side surface of the cylindrical body of said adapter leaving protruding portions that project out of a side surface of the body and are adapted to engage arcuate recesses in the hub of the fan element.",0.49631361119701306,0.9926272223940261,,,,,
37074,"1. A method of collecting tolls through an app in a mobile device comprising: receiving position information of a plurality of toll gantries from a database, wherein said toll gantries comprise a main gantry, an on ramp gantry and an off ramp gantry; reading GPS location data from a mobile device; creating a plurality of trip segments based on said GPS location data wherein direction of the mobile device is calculated; determining whether the mobile device is travelling on a toll road; calculating the time when the vehicle is passing through a gantry using the position information of said toll gantries and trip segments; calculating toll charges based on said plurality of trip segments and a time when said mobile device travels through said toll gantries; communicating with a toll road reinforcement system; generating a toll charge transaction; notifying user of the mobile device on the toll charges; processing payment of the toll charges.",0.5038500964314527,0.9922998071370945,,,,,
27504,"1. A permanent magnet type rotary electric machine comprising a stator with a stator core and coils provided into slots of the stator core, and a rotor that is disposed so as to face the stator with a gap, the rotor having a rotor core and permanent magnets buried into the rotor core by being incorporated into permanent magnet slots formed at an outer circumferential-side portion of the rotor core so as to be a plurality of poles, wherein the permanent magnet slot for each pole is divided at least into four permanent magnet slot segments along an outer circumferential direction in the rotor core so that the permanent magnet slot segments of all poles are arranged along the outer circumferential direction in a row as a whole while having rest core-portions between respective adjacent permanent magnet slot segments, and in the rest core-portions between the respective adjacent permanent magnet slot segments in the rotor core, a width of a first rest core-portion at a middle of each pole and a width of a second rest core-portion between each pair of adjacent poles of different polarities are formed larger than that of the other rest-core portions.",0.4961429237580666,0.9922858475161332,,,,,
6455,"1. A formulation selected from the group consisting of a nutraceutical and/or a pharmaceutical composition, wherein the formulation comprises microorganisms and wherein essentially all of the microorganisms are (A) isolated Core-1 positive microorganisms and/or (B) a Core-1 positive fraction or lysate thereof, wherein the Core-1 positive microorganisms and/or the Core-1 positive fraction or lysate thereof carry surface Core-1 in unmasked form and are recognized by at least one Core-1 specific antibody.",0.4960638888353721,0.9921277776707442,,,,,
8306,"1. A mobile terminal comprising: a front housing made of a light-transmitting material and provided with edge parts, at least one of which is rounded or bent to be inclined; a display unit provided under the front housing; a circuit substrate provided under the display unit; a rear housing to accommodate the display unit and the circuit substrate together with the front housing; and a middle housing provided between the front housing and the rear housing, wherein the middle housing includes a receipt part to accommodate the display unit, and boundary parts connecting the receipt part and edge parts of the middle housing and disposed under the edge parts of the front housing, and wherein the edge part of the middle housing is protruded from the boundary part of the middle housing in a horizontal direction.",0.5039372747728698,0.9921254504542605,,,,,
316,"1. A method of operating a first wireless terminal comprising: transmitting a beacon signal burst during a beacon transmission time period in accordance with a timing structure including said beacon transmission time period and a beacon receive time period which recur in accordance with said timing structure, said beacon receive time period being longer than said beacon transmission time period, said beacon signal burst including one or more beacon symbols, each beacon symbol occupying a beacon symbol transmission unit; monitoring for beacon signals from other devices during said beacon receive time period in accordance with said timing structure, said other devices including a second wireless terminal; communicating data symbols using OFDM symbol transmission units during a user data time period which occurs in said timing structure following said beacon receive time period, said user data time period being distinct from said beacon receive time period in said timing structure; and wherein said timing structure is used by both the first and second wireless terminals but with the start of the timing structure used by the first wireless terminal being offset from the start of the timing of the timing structure used by the second wireless terminal by an amount which is greater than the duration of the beacon transmission time period and less than the duration of the beacon receive time period and the start of the of the beacon transmission time period of the second wireless terminal following the end of the beacon transmission time period of the first wireless terminal by an amount which is less than the duration of the beacon transmission time period.",0.5040120382163029,0.9919759235673942,,,,,
32979,"1. An electric power selling system comprising: a plurality of power generators respectively provided for a plurality of houses, each of plurality of power generators generates electric power; and a plurality of voltage conversion devices each of which is connected with a corresponding one of the power generators and a distribution line provided between the houses and which is configured to convert output voltage of the corresponding one of the power generators into variable voltage for electric power selling, the plurality of voltage conversion devices respectively provided for the plurality of houses, wherein the electric power selling system further comprises a transmitter connected with the distribution line, the transmitter being configured to measure voltage of the distribution line and to supply the plurality of voltage conversion devices with an instruction value obtained based on the measured voltage value, and wherein each of the voltage conversion devices has a set of candidate voltage values that respectively correspond to voltage steps of equal voltage amount from a lowest one of the candidate target voltage values, each of the voltage conversion devices selects, when receiving the instruction value, a target voltage value which is higher than and closest to the instruction value and converts the output voltage of the corresponding one of the power generators into the voltage for electric power selling based on the selected target voltage value.",0.5040575735885541,0.9918848528228918,,,,,
29690,"1. A network architecture comprising: a plurality of lower level managed switching elements for forwarding network data to a plurality of machines comprising a first group of machines that are associated with a first logical datapath set and a second group of machines that are associated with a second logical datapath set, wherein the first and second logical datapath sets define first and second logical switching elements respectively; a plurality of higher level managed switching elements for processing network data received from the plurality of lower level managed switching elements, a set of controller instances for controlling the lower and higher level managed switching elements to implement the first and second logical datapath sets by:",0.4959112124288522,0.9918224248577044,,,,,
37110,"1. An illumination device comprising: a discrete driver module comprising (i) circuitry for supplying power to and controlling at least one light-emitting diode, and (ii) a connector for electrically connecting to a source of power; a discrete lighting module configured for electrical connection to but otherwise physically separate from the driver module, the lighting module comprising (i) at least one light-emitting diode, (ii) a mechanism for mounting the lighting module within a recessed-can lighting fixture, and (iii) a temperature sensor for measuring a temperature of the at least one light-emitting diode, wherein the driver module and the lighting module are collectively sized to fit within the recessed-can lighting fixture.",0.5041372295839937,0.9917255408320127,,,,,
25750,"1. A graphene-based electronic apparatus, comprising: a first electrode that includes: a layer of pseudo-capacitive material in contact with the three-dimensional open-cell graphene structure, wherein a surface area of the three-dimensional open-cell graphene structure is greater than a surface area of the metal foam substrate.",0.5041864597732257,0.9916270804535485,,,,,
46477,"1. A vehicle brake system comprising: a hydraulic brake device having a master cylinder for generating a base hydraulic pressure corresponding to a manipulation amount of a braking manipulation member, a pump for generating a controlled hydraulic pressure, and a hydraulic control unit configured to add a base hydraulic brake force corresponding to the base hydraulic pressure and a controlled hydraulic brake force corresponding to the controlled hydraulic pressure, the hydraulic control unit further configured to control the hydraulic brake device to apply the added brake forces to wheels; a regenerative brake device for applying a regenerative brake force to driving wheels which are included in the wheels, the regenerative brake device comprising a generator motor for driving the driving wheels and for generating the regenerative brake force applied to the driving wheels; wherein the wheels are four wheels including two front wheels and two rear wheels, the driving wheels being selected as the two front wheels or the two rear wheels; and a brake control device configured to cooperatively control the hydraulic brake device and the regenerative brake device; wherein the brake control device includes: a driver target brake force calculation section for calculating a driver target brake force for each wheel corresponding to the manipulation amount of the braking manipulation member; a compensation brake force setting section for enabling the brake control device to set compensation brake forces for the respective wheels independently of the driver target brake force; a selection compensation section for selecting a larger one of the driver target brake force and the compensation brake force for each wheel and for subtracting the base hydraulic brake force from the selected one brake force to set a compensated target brake force for each wheel; and a distribution control section configured to control the compensated target brake force for each wheel to be distributed to the controlled hydraulic brake force provided by the hydraulic brake device for each wheel and the regenerative brake force provided by the regenerative brake device for each driving wheel; wherein the distribution control section includes: a left right comparison section for comparing a right side sum made by adding the compensated target brake forces for the front and rear wheels on a right side with a left side sum made by adding the compensated target forces for the front and rear wheel on a left side, each of the compensated target brake forces being calculated by the selection compensation section; a left right equal-time distribution control section being operable when the right side sum and the left side sum are equal, for applying to the generator motor a demand regenerative brake force which is obtained by the addition of the compensated target brake forces for the four wheels, acquiring an executed regenerative brake force which was generated by the generator motor, and subtracting a value which is obtained by dividing the executed regenerative brake force by four, from each of the compensated target brake forces for the four wheels to set respective differences as the respective controlled hydraulic brake forces applied by the hydraulic brake device for each wheel; and a left right unequal-time distribution control section being operable when the right side sum and the left side sum differ, for applying to the generator motor a demand regenerative brake force which is obtained by doubling a smaller one of the right side sum and the left side sum, acquiring the executed regenerative brake force which was generated by the generator motor, and subtracting a value which is obtained by dividing the executed regenerative brake force by four, from each of the compensated target brake forces for the four wheels to set respective differences as the respective controlled hydraulic brake forces applied by the hydraulic brake device for each wheel.",0.5043090791866564,0.9913818416266873,,,,,
40057,"1. A light source device, comprising: an excitation light source providing an excitation light; a wavelength conversion device located remotely from the excitation light source, including a wavelength conversion material for converting the excitation light into a converted light; a light introducing device for directing the excitation light onto the wavelength conversion material; and a light collecting device for collecting the converted light from the wavelength conversion material, wherein the light collecting device includes a first reflecting device for changing a traveling direction of the converted light toward an output port, wherein the light introducing device is an area surrounded by the first reflecting device which has different transmission and reflection properties than the first reflecting device, the area of the light introducing device being different from the output port, wherein an etendue of the light introducing device is less than or equal to ¼ of an etendue of the light collecting device.",0.4955169827583491,0.9910339655166982,,,,,
20313,"1. A process for the preparation of a cyclopropane derivative of Formula (I), by reacting an olefin of Formula (II), with a carbene of the formula:CR R R R R R R R R R in the presence of copper metal or copper oxide, wherein the process is a continuous process.",0.4954433167063814,0.9908866334127628,,,,,
10166,"1. A method for switching a power semiconductor device which includes first emitter/collector and base contact regions on a first surface of a semiconductor die, and second emitter/collector and base contact regions on a second surface of the die; wherein the emitter/collector regions both have a first conductivity type, and the base contact regions and the semiconductor die all have a second conductivity type; comprising the steps: in the ON state, when an external voltage difference applied between the first and second emitter/collector regions has a polarity such that the first and second emitter/collector regions can act as collector and emitter respectively, flowing base current through the first base contact region, but substantially not through the second base contact region; and in the OFF state, not flowing external current through either of the base contact regions; whereby bidirectional switching is achieved with an on-state voltage drop which is less than a diode drop between the semiconductor die and a respective one of the emitter/collector regions.",0.5045603305794903,0.9908793388410193,,,,,
35040,"1. A washing process for a top-loading laundry machine, the laundry machine including an impeller; a wash tub; at least one of a mechanical and an electric drive element for driving said impeller and said tub; a tank encircling said wash tub; and a reservoir in fluid communication with said tank and disposed below said tank and said wash tub and arcuately encircling said at least one of a mechanical and an electric drive element from one side thereof at least to an opposite side thereof, the washing process comprising the steps of:",0.5045603757705489,0.9908792484589022,,,,,
19894,"1. A product comprising a set of discrete units, the set of discrete units being reversibly assembled, or reversibly assemblable, into a structure, wherein: the units in the set are reversibly assembled, or are reversibly assemblable, into the structure according to a lattice geometry, wherein the units, when assembled according to the lattice geometry, together comprise a stretch-bend coupled material; a majority of the discrete units are each reversibly connected, or are reversibly connectable, to at least two other units in the set according to the lattice geometry; and wherein, in response to greater than minimal loading of the structure, a reversible deformation of at least part of the structure occurs.",0.49538036868695495,0.9907607373739099,,,,,
7600,"1. A valve train control device for use in a reciprocating piston internal combustion engine having a camshaft with a primary cam lobe defining a primary cam lobe profile constructed to directly or indirectly translate camshaft rotational motion into linear motion of a corresponding valve in accordance with the profile, the device comprising: a primary cam follower positioned in an operational path between the primary cam lobe and the corresponding valve, the primary cam follower constructed to follow the primary cam lobe; a secondary cam lobe projecting from the camshaft; a secondary cam follower constructed to follow the secondary cam lobe; and an auxiliary motion transfer device maintaining a continuous secondary operational path between the primary cam follower and the secondary cam follower, the auxiliary motion transfer device being operable to shift the primary cam follower through a plurality of alternative positions relative to the primary cam lobe during at least a portion of the camshaft rotation in response to at least one engine parameter to alter at least one valve operating parameter relative to a set of valve parameters defined by the primary cam lobe profile interacting with an unshifted primary cam follower.",0.5047449642473014,0.9905100715053972,,,,,
49381,"1. A computing device-implemented method, comprising: receiving, at the computing device, threads of a multithread application associated with a first group; receiving, at the computing device, a thread of a second application associated with a second group; identifying, by the computing device and based on receiving the threads of the multithread application, the multithread application; and adjusting, by the computing device, a memory scheduling scheme for the multithread application based on the identification of the multithread application.",0.49518371642002734,0.9903674328400547,,,,,
2543,"1. A photon-counting detector configured to detect photons included in multi-energy radiation, the photon-counting detector comprising: a pixel area configured to absorb the photons incident thereto; and bias circuits configured to supply one of a bias voltage and a bias current to electronic devices in the pixel area, wherein",0.504913586705053,0.9901728265898939,,,,,
4016,"1. A high pressure gas container configured to be charged with a high pressure gas thereinto, the high pressure gas container comprising: a liner configured to be charged with the high pressure gas thereinto; and a reinforcing sleeve that envelops an outer surface of the liner, wherein the liner includes: the reinforcing sleeve is made from a metal and includes: in a forming process, an incline angle of an inner surface of each of the sleeve shoulder portions relative to a center line of the high pressure gas container is formed larger than an incline angle of an outer surface of the respective liner shoulder portion relative to the center line, the reinforcing sleeve is seamless, and the inner surface of the sleeve trunk portion contacts the outer surface of the liner trunk portion without gaps.",0.5050037609849658,0.9899924780300684,,,,,
49939,"1. A method of high-efficiency wireless frequency division multiplexing, comprising: receiving, at a first wireless device from an access point, a reference signal for reserving an entire wireless medium including a set of wireless frequencies available for use by both the first wireless device and a second wireless device, the reference signal including a received signal strength indicator (RSSI) indication of a power level at which at least one of the first and second wireless devices should transmit communications; in response to receiving the reference signal, transmitting, from the first wireless device to the access point, a first communication on a first subset of the set of wireless frequencies, the first communication being transmitted at least partially concurrent with a second communication transmitted on a second subset of the set of wireless frequencies from the second wireless device to the access point, and the first and second subsets of the set of wireless frequencies being mutually exclusive subsets of the set of wireless frequencies; and receiving, from the access point on only the first subset of the set of wireless frequencies, an acknowledgment of the first communication.",0.5052069539559987,0.9895860920880026,,,,,
24540,"1. A method of selecting a cellular network, the method comprising: detecting a Wi-Fi signal; obtaining a country code from the Wi-Fi signal; prioritizing cellular network frequency bands to scan based on the obtained country code to define a band priority; selecting a cellular network based on band priority; and applying a first timer to set a threshold amount of time to elapse before performing the detecting of the Wi-Fi signal and the obtaining of the country code from the Wi-Fi signal and applying a second timer to limit a total scan time.",0.4947553084519708,0.9895106169039416,,,,,
25617,"1. A light-emitting device comprising: a first electrode comprising indium, tin and oxygen; a light-emitting layer over the first electrode, the light-emitting layer comprising a phosphorescent material; a second electrode over the light-emitting layer; a protective layer over and in contact with the second electrode, the protective layer comprising: wherein the protective layer is not in contact with the first electrode.",0.5052454619050742,0.9895090761898515,,,,,
1492,"1. A method of treating a substrate, comprising: identifying a first treatment zone; forming a molten area of the first treatment zone by exposing a surface of the first treatment zone to a first laser pulse, wherein the first laser pulse has a non-uniformity of less than about 5 percent; recrystallizing the molten area of the first treatment zone while exposing the first treatment zone to a first plurality of laser pulses; identifying a second treatment zone; forming a molten area of the second treatment zone by exposing a surface of the second treatment zone to a second laser pulse, wherein the second laser pulse has a non-uniformity of less than about 5 percent; and recrystallizing the molten area of the second treatment zone while exposing the second treatment zone to a second plurality of laser pulses.",0.5053621971374094,0.9892756057251813,,,,,
29137,1. A method of treating a well comprising: (A) forming a fluid comprising: (B) introducing the fluid into a well.,0.4945757836350011,0.9891515672700022,,,,,
13876,"1. An operating system, comprising: at least two instances of the operating system stored in computer readable memory and distributed among at least two different heterogeneous platforms within a computing device, the at least two different heterogeneous platforms comprising a first platform on a first substrate and a second platform on a second substrate different from the first substrate, the first platform comprising a first functionality and at least one application module configured to interact with the first platform via a first local communication path and with the second platform via a remote communication path, the second platform comprising a second functionality and at least one other application module configured to interact with the first platform via the remote communication path and with the second platform via a second local communication path, said at least two instances using single-kernel semantics, the single-kernel semantics presenting a common homogenous operating system abstraction to the at least one application module and the at least one other application module such that the first functionality and second functionality are available to the at least one application module and the at least one other application module in a manner transparent to the at least one application module, the at least one other application module, the first functionality, and the second functionality.",0.4945392001584943,0.9890784003169886,,,,,
37081,"1. A honeycomb structural body comprising: a honeycomb body comprised of a cell formation part and an outer skin part of a cylindrical shape, the outer skin part covering the cell formation part; and a pair of electrodes formed on an outer peripheral surface of the outer skin part so that the electrodes face to each other in a diameter direction of the honeycomb body, wherein each of the electrodes comprises a reference electrode part formed at a central part of the electrode in a circumferential direction of the honeycomb body, one or more outside electrode parts formed at both ends of the reference electrode part, an electrode terminal is formed on the reference electrode part of each of the electrodes, the reference electrode part of one electrode and the reference electrode part of the other electrode face each other in a radial direction of the honeycomb body, and the outside electrode parts of one electrode face the outside electrode parts of the other electrode in a radial direction of the honeycomb body, and an electrical resistivity of the reference electrode part is smaller than an electrical resistivity of each of the outside electrode parts in each of the electrodes, wherein each of the electrodes has a gap between the reference electrode part and the outside electrode part placed adjacent to the end of the reference electrode part in the circumferential direction of the honeycomb body.",0.4945099772861383,0.9890199545722766,,,,,
23183,"1. A method for preparing an interface tab in a web browser, comprising: receiving a request to create the interface tab in the web browser, using a processor; associating page content with the interface tab; defining a limit on computing resource usage to be applied to loading of the interface tab and page content, using the processor, which limit is less than available computing resources, the limit being defined as a percentage of the available computing resources; creating the interface tab using the limit on the computing resource usage defined; and redefining the limit on computing resource usage upon selection of the interface tab via a graphical user interface; categorizing content objects in the page content of the interface tab into smaller content objects and larger content objects; determining the limit on computing resource usage for loading the page content into the interface tab; and visually loading the smaller content objects in the graphical user interface followed by the larger content objects when the available computing resources are limited according to the percentage of the available computing resources defined.",0.4945017457120794,0.9890034914241588,,,,,
9148,"1. A method comprising: providing a first composition that does not comprise polyvinylpyrrolidone, the first composition comprising at least one bromide ion; introducing into the first composition at least one first reducible metal ion and at least one first protecting agent; and reducing the at least one first reducible metal ion to at least one first metal nanowire ring.",0.49446462567154487,0.9889292513430897,,,,,
37882,"1. A light-emitting device comprising: an EL layer comprising a light-emitting layer between an anode and a cathode; a first layer comprising a metal oxide, provided in direct contact with the cathode between the cathode and the EL layer; a second layer comprising a first material whose lowest unoccupied molecular orbital level is higher than an acceptor level of the metal oxide, provided in direct contact with the first layer; and a third layer comprising a second material selected from the group consisting of an alkali metal, an alkaline earth metal, a rare earth metal, an alkali metal compound, an alkaline earth metal compound, and a rare earth metal compound, provided in direct contact with the second layer and the EL layer.",0.5055721898718196,0.9888556202563608,,,,,
40142,"1. A compound of Formula V wherein R is selected from the group consisting of H, C wherein R wherein A and B are each independently selected from the group consisting of hydrogen, C wherein one of V and W is a methoxy group and the other is selected from the group consisting of hydrogen, C wherein two of J, L, and M, are selected from the group consisting of hydrogen, C wherein the other of J, L, and M is a substituent selected from the group consisting of piperidine, perhydropyrimidine, morpholine, pyridine, pyrimidine, indole, isoindole, quinoline, isoquinoline, oxazole, thiazole, and imidazole, wherein the piperidine, perhydropyrimidine, morpholine, pyridine, pyrimidine, indole, isoindole, quinoline, isoquinoline, oxazole, thiazole, or imidazole itself may be optionally substituted one or more times with C or a pharmaceutically acceptable salt thereof.",0.5056242544579006,0.9887514910841988,,,,,
19273,"1. A kit for determining the presence of metapneumovirus (MPV) in a mammalian subject, the kit comprising: a DNA probe of at least 10 nucleotides that specifically hybridizes to a target polynucleotide, wherein the target polynucleotide comprises a sequence encoding a polypeptide that is at least 90% identical to SEQ ID NO: 14 or the complement of the sequence, and wherein the DNA probe does not specifically hybridize to a polynucleotide from avian pneumovirus (APV).",0.505677230601652,0.9886455387966959,,,,,
44538,"1. A method for operating a machine located in choppy waters, comprising: determining measurement variables at a first, relatively early time; calculating a variable characterizing a wave movement expected at a second, relatively late time on the basis of the measurement variables determined at the first, relatively early time; and operating the machine taking into account the variable characterizing the wave movement expected at the second, relatively late time, wherein the variable characterizing the wave movement expected at the second, relatively late time is a speed field or a speed potential, and wherein, on the basis of the measurement variables determined at the first, relatively early time, an initial speed potential or an initial speed field is determined at a first location, and a result speed potential or a result speed field expected at the second, relatively late time is calculated on the basis of the initial speed potential or initial speed field.",0.4943098884928906,0.9886197769857812,,,,,
32430,"1. A method of making N-type thin film transistor, the method comprising: forming a semiconductor carbon nanotube layer on an insulating substrate; applying a source electrode and a drain electrode, wherein the source electrode and the drain electrode are spaced from each other and electrically connected to the semiconductor carbon nanotube layer; depositing a MgO layer on a surface of the semiconductor carbon nanotube layer; forming a functional dielectric layer to cover the MgO layer; and applying a gate electrode on the functional dielectric layer, wherein the gate electrode is insulated from the semiconductor carbon nanotube layer.",0.5058383388585996,0.9883233222828007,,,,,
6297,"1. An isolated plasmid, wherein the plasmid is a native plasmid found in a Clostridium botulinum type A strain and encodes BoNT/A3, wherein the Clostridium botulinum type A strain is Loch Maree.",0.5060897199882518,0.9878205600234964,,,,,
30278,"1. A light emitting device, comprising: a substrate; a first electrode layer disposed on the substrate, the first electrode layer further including: an organic light emitting layer, disposed on the substrate; and a second electrode layer, disposed on the substrate, and the organic light emitting layer is between the first electrode layer and the second electrode layer in the thickness direction of the substrate.",0.49361035532102565,0.9872207106420513,,,,,
11010,"1. A copper foil with a carrier comprising a carrier, an intermediate layer, and an ultra-thin copper layer laminated in this order, the ultra-thin copper layer having a thickness smaller than a thickness of the carrier, wherein the ultra-thin copper layer includes a roughened layer on a surface thereof, and the roughened layer comprises particles having an average diameter D 1 at the particle bottom being apart from the bottom of each particle by 10% of the particle length L 1 of 0.2 to 1.0 μm and having a ratio L 1 /D 1 of the particle length L 1 to the average diameter D 1 at the particle bottom of 15 or less.",0.49345250863389223,0.9869050172677845,,,,,
2040,"1. An electrode assembly comprising: a first electrode stair including at least one first electrode unit; and a second electrode stair including at least one second electrode unit having an area different from that of the first electrode unit, wherein the first electrode stair and the second electrode stair are stacked to be adjacent, separated by at least one separator as a boundary therebetween and including one or more electrode laminates having steps formed by a difference between the areas of the first electrode stair and the second electrode stair, wherein an electrode of the at least one first electrode units includes:",0.4933880654052473,0.9867761308104946,,,,,
32264,"1. A method of synchronizing at least one wireless sensor of a plurality of wireless sensors, comprising: sending at least one reference message along with a request for acquired data from an access point to the at least one wireless sensor of the plurality of wireless sensors, wherein the reference message includes a first timestamp indicating when the reference message was sent according to time of a clock of the access point, and wherein each of the plurality of wireless sensors collects data in synchronization with other of the plurality of wireless sensors; receiving from the at least one wireless sensor a response that includes the requested data, the first timestamp, and at least one other timestamp corresponding to time of a clock of the at least one wireless sensor; determining a relative clock offset of the at least one wireless sensor using the timestamps; and discarding data from at least one of the plurality of wireless sensors that does not correspond to data from other ones of the plurality of wireless sensors, wherein discarding data includes determining a latest start time for data collection for all of the plurality of wireless sensors and determining an earliest end time for all of the plurality of wireless sensors and discarding data that is prior to the latest start time and after the earliest end time.",0.5066151099029945,0.986769780194011,,,,,
31806,"1. An interference correction type single-point detection current sensor for multiple busbars, the single-point detection current sensor comprising: a plurality of magnetic sensor modules which are brought in insulation contact with or installed adjacent to a plurality of respective busbars, measure currents flowing into the busbars using magnetic sensors, and output the measured currents; a signal collection module which collects the measured signals output by the plurality of magnetic sensor modules; and a signal interference correction module which derives corrected current values from which interference has been removed by calculating amounts of interference between the plurality of busbars in the signals collected by the signal collection module.",0.49330428048420316,0.9866085609684063,,,,,
37069,"1. A flywheel apparatus comprising: a motor; a drive shaft connected to said motor; an upper conical section affixed to said drive shaft; and a lower conical section affixed to said drive shaft opposite said upper conical section, said upper conical section and said lower conical section each having a plurality of layers, said plurality of layers comprising:",0.5066978202143081,0.9866043595713838,,,,,
9395,"1. A crystallizing glass solder for high-temperature applications, wherein said crystallizing glass solder is free of PbO and contains, in percent by weight on an oxide basis, 25 to 40%, SiO 2 ; <2, Al 2 O 3 ; 8.4 to 11.2%, B 2 O 3 ; 45 to 60%, BaO; 0 to 5%, CaO; 4.4 to 7.0%, MgO; and 4.4 to 15% of a sum total of MgO, CaO and SrO.",0.49326472851944053,0.9865294570388811,,,,,
